img_path,npm1
1060.png,0
478.png,0
1268.png,0
947.png,0
542.png,0
561.png,0
683.png,0
975.png,0
1538.png,0
511.png,0
1279.png,0
604.png,0
1165.png,0
715.png,0
943.png,0
1184.png,0
1215.png,0
1217.png,0
941.png,0
844.png,0
949.png,0
466.png,0
761.png,0
470.png,0
1130.png,0
958.png,0
456.png,0
967.png,0
959.png,0
1068.png,0
1241.png,0
512.png,0
1249.png,0
813.png,0
835.png,0
1242.png,0
950.png,0
1105.png,0
919.png,0
1025.png,0
1182.png,0
1092.png,0
858.png,0
1295.png,0
775.png,0
831.png,0
1232.png,0
802.png,0
868.png,0
1132.png,0
668.png,0
1298.png,0
566.png,0
719.png,0
663.png,0
1238.png,0
862.png,0
701.png,0
887.png,0
983.png,0
1107.png,0
573.png,0
723.png,0
483.png,0
798.png,0
880.png,0
965.png,0
1044.png,0
662.png,0
694.png,0
1129.png,0
976.png,0
692.png,0
982.png,0
897.png,0
1037.png,0
1099.png,0
678.png,0
937.png,0
527.png,0
757.png,0
682.png,0
524.png,0
1113.png,0
500.png,0
1246.png,0
763.png,0
689.png,0
853.png,0
679.png,0
884.png,0
482.png,0
627.png,0
1221.png,0
851.png,0
486.png,0
584.png,0
815.png,0
1199.png,0
568.png,0
971.png,0
556.png,0
737.png,0
863.png,0
1260.png,0
961.png,0
667.png,0
612.png,0
1115.png,0
874.png,0
1084.png,0
716.png,0
659.png,0
601.png,0
658.png,0
767.png,0
994.png,0
509.png,0
506.png,0
1119.png,0
1135.png,0
1253.png,0
936.png,0
1178.png,0
698.png,0
651.png,0
995.png,0
972.png,0
1283.png,0
987.png,0
736.png,0
588.png,0
1061.png,0
944.png,0
648.png,0
1152.png,0
1176.png,0
1030.png,0
826.png,0
1160.png,0
1174.png,0
728.png,0
1259.png,0
1043.png,0
1016.png,0
899.png,0
1266.png,0
1280.png,0
1022.png,0
726.png,0
1085.png,0
805.png,0
669.png,0
1224.png,0
807.png,0
703.png,0
785.png,0
1289.png,0
624.png,0
523.png,0
954.png,0
1191.png,0
1066.png,0
1167.png,0
1114.png,0
609.png,0
632.png,0
920.png,0
1196.png,0
516.png,0
834.png,0
550.png,0
616.png,0
778.png,0
494.png,0
907.png,0
974.png,0
1082.png,0
1212.png,0
810.png,0
1057.png,0
586.png,0
596.png,0
730.png,0
498.png,0
635.png,0
769.png,0
1140.png,0
1256.png,0
710.png,0
1156.png,0
634.png,0
749.png,0
1247.png,0
1041.png,0
1049.png,0
932.png,0
1003.png,0
1233.png,0
1089.png,0
953.png,0
489.png,0
481.png,0
806.png,0
1101.png,0
549.png,0
1158.png,0
768.png,0
603.png,0
518.png,0
1005.png,0
955.png,0
1071.png,0
1034.png,0
1075.png,0
508.png,0
690.png,0
1078.png,0
517.png,0
1121.png,0
553.png,0
564.png,0
846.png,0
945.png,0
1053.png,0
738.png,0
969.png,0
1179.png,0
990.png,0
742.png,0
999.png,0
558.png,0
1151.png,0
681.png,0
1181.png,0
1177.png,0
1122.png,0
720.png,0
724.png,0
594.png,0
488.png,0
1096.png,0
528.png,0
490.png,0
885.png,0
881.png,0
896.png,0
621.png,0
942.png,0
1036.png,0
1064.png,0
477.png,0
741.png,0
465.png,0
786.png,0
1010.png,0
468.png,0
849.png,0
1252.png,0
657.png,0
1142.png,0
830.png,0
472.png,0
1031.png,0
1154.png,0
998.png,0
1261.png,0
654.png,0
1055.png,0
792.png,0
1203.png,0
571.png,0
774.png,0
582.png,0
1275.png,0
1106.png,0
1111.png,0
514.png,0
1012.png,0
1157.png,0
1195.png,0
963.png,0
1112.png,0
721.png,0
1149.png,0
1245.png,0
1137.png,0
876.png,0
1133.png,0
928.png,0
739.png,0
934.png,0
534.png,0
1201.png,0
808.png,0
562.png,0
607.png,0
1187.png,0
910.png,0
1207.png,0
755.png,0
665.png,0
903.png,0
1123.png,0
1024.png,0
497.png,0
474.png,0
905.png,0
735.png,0
563.png,0
580.png,0
1000.png,0
841.png,0
765.png,0
502.png,0
820.png,0
1081.png,0
787.png,0
753.png,0
672.png,0
933.png,0
693.png,0
613.png,0
722.png,0
688.png,0
901.png,0
822.png,0
691.png,0
1223.png,0
1058.png,0
480.png,0
536.png,0
951.png,0
860.png,0
535.png,0
1287.png,0
1146.png,0
649.png,0
513.png,0
687.png,0
1272.png,0
888.png,0
794.png,0
818.png,0
812.png,0
1015.png,0
904.png,0
515.png,0
783.png,0
760.png,0
902.png,0
1297.png,0
1220.png,0
1013.png,0
925.png,0
1218.png,0
790.png,0
1033.png,0
867.png,0
859.png,0
705.png,0
1294.png,0
559.png,0
803.png,0
766.png,0
479.png,0
639.png,0
777.png,0
709.png,0
1136.png,0
930.png,0
838.png,0
1056.png,0
1011.png,0
1254.png,0
968.png,0
1188.png,0
1204.png,0
1104.png,0
207.png,1
271.png,1
103.png,1
161.png,1
449.png,1
215.png,1
379.png,1
428.png,1
139.png,1
232.png,1
153.png,1
400.png,1
330.png,1
411.png,1
273.png,1
451.png,1
204.png,1
301.png,1
322.png,1
434.png,1
157.png,1
131.png,1
236.png,1
391.png,1
80.png,1
342.png,1
445.png,1
286.png,1
436.png,1
110.png,1
385.png,1
328.png,1
115.png,1
124.png,1
409.png,1
187.png,1
128.png,1
203.png,1
84.png,1
121.png,1
235.png,1
106.png,1
265.png,1
126.png,1
323.png,1
352.png,1
122.png,1
185.png,1
229.png,1
349.png,1
258.png,1
155.png,1
201.png,1
192.png,1
454.png,1
410.png,1
169.png,1
452.png,1
97.png,1
294.png,1
313.png,1
390.png,1
289.png,1
88.png,1
156.png,1
447.png,1
183.png,1
325.png,1
338.png,1
376.png,1
219.png,1
168.png,1
198.png,1
356.png,1
327.png,1
92.png,1
227.png,1
317.png,1
130.png,1
149.png,1
116.png,1
141.png,1
398.png,1
418.png,1
174.png,1
112.png,1
350.png,1
426.png,1
375.png,1
85.png,1
171.png,1
344.png,1
276.png,1
231.png,1
82.png,1
441.png,1
334.png,1
363.png,1
413.png,1
435.png,1
127.png,1
109.png,1
450.png,1
293.png,1
178.png,1
348.png,1
111.png,1
244.png,1
305.png,1
374.png,1
259.png,1
335.png,1
181.png,1
166.png,1
336.png,1
225.png,1
399.png,1
94.png,1
433.png,1
307.png,1
337.png,1
154.png,1
140.png,1
405.png,1
361.png,1
288.png,1
298.png,1
287.png,1
102.png,1
150.png,1
354.png,1
213.png,1
162.png,1
343.png,1
224.png,1
218.png,1
431.png,1
419.png,1
437.png,1
202.png,1
412.png,1
209.png,1
308.png,1
306.png,1
119.png,1
439.png,1
242.png,1
191.png,1
345.png,1
101.png,1
331.png,1
420.png,1
195.png,1
241.png,1
277.png,1
304.png,1
324.png,1
422.png,1
404.png,1
274.png,1
403.png,1
95.png,1
290.png,1
432.png,1
332.png,1
233.png,1
248.png,1
396.png,1
194.png,1
257.png,1
250.png,1
160.png,1
216.png,1
392.png,1
196.png,1
256.png,1
237.png,1
118.png,1
341.png,1
383.png,1
369.png,1
373.png,1
177.png,1
205.png,1
333.png,1
246.png,1
239.png,1
347.png,1
395.png,1
133.png,1
443.png,1
346.png,1
380.png,1
387.png,1
87.png,1
381.png,1
120.png,1
292.png,1
254.png,1
96.png,1
136.png,1
200.png,1
214.png,1
414.png,1
222.png,1
79.png,1
113.png,1
311.png,1
260.png,1
167.png,1
310.png,1
372.png,1
281.png,1
282.png,1
401.png,1
173.png,1
351.png,1
429.png,1
315.png,1
355.png,1
199.png,1
263.png,1
440.png,1
172.png,1
303.png,1
159.png,1
253.png,1
386.png,1
270.png,1
266.png,1
353.png,1
394.png,1
148.png,1
316.png,1
319.png,1
145.png,1
402.png,1
223.png,1
267.png,1
388.png,1
280.png,1
134.png,1
175.png,1
309.png,1
152.png,1
279.png,1
360.png,1
446.png,1
438.png,1
275.png,1
137.png,1
243.png,1
299.png,1
442.png,1
406.png,1
424.png,1
382.png,1
417.png,1
164.png,1
211.png,1
291.png,1
366.png,1
283.png,1
268.png,1
100.png,1
423.png,1
371.png,1
77.png,1
220.png,1
143.png,1
176.png,1
163.png,1
284.png,1
86.png,1
326.png,1
448.png,1
339.png,1
430.png,1
221.png,1
193.png,1
314.png,1
186.png,1
408.png,1
357.png,1
179.png,1
188.png,1
217.png,1
226.png,1
107.png,1
114.png,1
132.png,1
384.png,1
453.png,1
158.png,1
81.png,1
251.png,1
89.png,1
180.png,1
397.png,1
262.png,1
93.png,1
146.png,1
91.png,1
377.png,1
368.png,1
320.png,1
99.png,1
210.png,1
189.png,1
105.png,1
359.png,1
416.png,1
165.png,1
269.png,1
272.png,1
300.png,1
378.png,1
358.png,1
362.png,1
206.png,1
455.png,1
212.png,1
182.png,1
365.png,1
415.png,1
295.png,1
340.png,1
125.png,1
135.png,1
144.png,1
108.png,1
302.png,1
83.png,1
117.png,1
129.png,1
296.png,1
245.png,1
427.png,1
147.png,1
247.png,1
318.png,1
90.png,1
389.png,1
228.png,1
285.png,1
297.png,1
444.png,1
190.png,1
264.png,1
138.png,1
142.png,1
329.png,1
240.png,1
367.png,1
78.png,1
393.png,1
261.png,1
255.png,1
184.png,1
197.png,1
230.png,1
208.png,1
407.png,1
238.png,1
104.png,1
151.png,1
249.png,1
170.png,1
312.png,1
252.png,1
421.png,1
123.png,1
234.png,1
321.png,1
370.png,1
278.png,1
98.png,1
364.png,1
425.png,1
